<powerpagecomponent powerpagecomponentid="cbef0e5b-31d4-4439-9569-fa5fae1bc2fd">
  <content>{"contentdisposition":756150000,"enabletracking":false,"excludefromsearch":false,"hiddenfromsitemap":false,"parentpageid":"4e404b83-b68f-4368-b1ba-ef1014047d81","partialurl":"PWAManifest.json","publishingstateid":"f2cf92a7-db3f-44ba-96c8-c3fec42cbc98"}</content>
  <filecontent mimetype="application/octet-stream">PWAManifest.json</filecontent>
  <iscustomizable>1</iscustomizable>
  <name>PWAManifest.json</name>
  <powerpagecomponenttype>3</powerpagecomponenttype>
  <powerpagesiteid>
    <powerpagesiteid>778e29ae-bf42-4030-bba3-59c6b17c91a4</powerpagesiteid>
  </powerpagesiteid>
  <statecode>0</statecode>
  <statuscode>1</statuscode>
</powerpagecomponent>