<powerpagecomponent powerpagecomponentid="d4162e7c-59ad-47c8-b8d5-4858b4db214f">
  <content>{"contentdisposition":756150000,"enabletracking":false,"excludefromsearch":false,"hiddenfromsitemap":false,"parentpageid":"4e404b83-b68f-4368-b1ba-ef1014047d81","partialurl":"Site-mockup-1.png","publishingstateid":"f2cf92a7-db3f-44ba-96c8-c3fec42cbc98"}</content>
  <filecontent mimetype="application/octet-stream">Site-mockup-1.png</filecontent>
  <iscustomizable>1</iscustomizable>
  <name>Site-mockup-1.png</name>
  <powerpagecomponenttype>3</powerpagecomponenttype>
  <powerpagesiteid>
    <powerpagesiteid>778e29ae-bf42-4030-bba3-59c6b17c91a4</powerpagesiteid>
  </powerpagesiteid>
  <statecode>0</statecode>
  <statuscode>1</statuscode>
</powerpagecomponent>