<powerpagecomponent powerpagecomponentid="21fd43f6-a66c-47b3-8ea4-909d193a5ae7">
  <content>{"contentdisposition":756150000,"enabletracking":false,"excludefromsearch":false,"hiddenfromsitemap":false,"parentpageid":"4e404b83-b68f-4368-b1ba-ef1014047d81","partialurl":"Geometric-2.png","publishingstateid":"f2cf92a7-db3f-44ba-96c8-c3fec42cbc98"}</content>
  <filecontent mimetype="application/octet-stream">Geometric-2.png</filecontent>
  <iscustomizable>1</iscustomizable>
  <name>Geometric-2.png</name>
  <powerpagecomponenttype>3</powerpagecomponenttype>
  <powerpagesiteid>
    <powerpagesiteid>778e29ae-bf42-4030-bba3-59c6b17c91a4</powerpagesiteid>
  </powerpagesiteid>
  <statecode>0</statecode>
  <statuscode>1</statuscode>
</powerpagecomponent>