<powerpagecomponent powerpagecomponentid="686becb7-5b8b-4709-b237-2248060e5516">
  <content>{"appendquerystring":false,"associatecurrentportaluser":false,"attachfile":false,"attachfileallowmultiple":false,"attachfilerequired":false,"attachfilerestrictaccept":false,"autogeneratesteps":false,"captcharequired":false,"entityname":"feedback","entitypermissionsenabled":true,"forceallfieldsrequired":false,"formname":"simple contact us form","geolocation_displaymap":false,"geolocation_enabled":false,"geolocation_maptype":756150000,"hideformonsuccess":true,"mode":100000000,"onsuccess":756150000,"populatereferenceentitylookupfield":false,"portaluserlookupattributeisactivityparty":false,"recommendedfieldsrequired":false,"recordsourceallowcreateonnull":false,"redirecturlappendentityidquerystring":false,"referenceentityshowreadonlyform":false,"referencequerystringisprimarykey":true,"renderwebresourcesinline":false,"setentityreference":false,"showcaptchaforauthenticatedusers":false,"showownerfields":false,"showunsupportedfields":false,"tooltipenabled":false,"validationsummarylinksenabled":true}</content>
  <iscustomizable>1</iscustomizable>
  <name>simple contact us form</name>
  <powerpagecomponenttype>15</powerpagecomponenttype>
  <powerpagesiteid>
    <powerpagesiteid>778e29ae-bf42-4030-bba3-59c6b17c91a4</powerpagesiteid>
  </powerpagesiteid>
  <statecode>0</statecode>
  <statuscode>1</statuscode>
</powerpagecomponent>