<powerpagecomponent powerpagecomponentid="6a79609f-34bb-4f62-b329-8b2c1391eb2a">
  <content>{
  "filecontent": null,
  "value": "3cc35f37-9a76-4d9a-9458-e1a757869264"
}</content>
  <iscustomizable>1</iscustomizable>
  <name>Authentication/OpenAuth/Microsoft/ClientId</name>
  <powerpagecomponenttype>9</powerpagecomponenttype>
  <powerpagesiteid>
    <powerpagesiteid>778e29ae-bf42-4030-bba3-59c6b17c91a4</powerpagesiteid>
  </powerpagesiteid>
  <statecode>0</statecode>
  <statuscode>1</statuscode>
</powerpagecomponent>