<powerpagecomponent powerpagecomponentid="bddb2483-14aa-adbd-d8cc-bfefc977ec1a">
  <content>{
  "displayorder": 7,
  "weblinksetid": "c2d1141d-3f7f-43a6-b39a-da1ef1d94d1a",
  "pageid": "db7c740d-5e9a-84a5-08cc-a9ddad313b27",
  "publishingstateid": "f2cf92a7-db3f-44ba-96c8-c3fec42cbc98",
  "displaypagevalidation": false,
  "displayimageonly": false,
  "displaypagechildlinks": false,
  "openinnewwindow": false,
  "robotsfollowlink": true,
  "copy": "undefined"
}</content>
  <iscustomizable>1</iscustomizable>
  <name>Apply Now</name>
  <powerpagecomponenttype>5</powerpagecomponenttype>
  <powerpagesiteid>
    <powerpagesiteid>778e29ae-bf42-4030-bba3-59c6b17c91a4</powerpagesiteid>
  </powerpagesiteid>
  <statecode>0</statecode>
  <statuscode>1</statuscode>
</powerpagecomponent>