<powerpagesitelanguages>
  <powerpagesitelanguage powerpagesitelanguageid="9a236845-63b6-45c5-9aac-54a0d3b65f8b">
    <content>{"publishingstate":"f2cf92a7-db3f-44ba-96c8-c3fec42cbc98","systemlanguage":1033}</content>
    <displayname>English</displayname>
    <iscustomizable>1</iscustomizable>
    <languagecode>en-US</languagecode>
    <lcid>1033</lcid>
    <name>English</name>
    <powerpagesiteid>
      <powerpagesiteid>778e29ae-bf42-4030-bba3-59c6b17c91a4</powerpagesiteid>
    </powerpagesiteid>
    <statecode>0</statecode>
    <statuscode>1</statuscode>
  </powerpagesitelanguage>
</powerpagesitelanguages>