<powerpagecomponent powerpagecomponentid="e20971c4-c5a7-4e49-84a6-bec5173de447">
  <content>{"display_name":"Search/Facet/Sort Order/Relevance","type":756150000,"value":"Relevance"}</content>
  <iscustomizable>1</iscustomizable>
  <name>Search/Facet/SortOrder/Relevance</name>
  <powerpagecomponenttype>7</powerpagecomponenttype>
  <powerpagesiteid>
    <powerpagesiteid>778e29ae-bf42-4030-bba3-59c6b17c91a4</powerpagesiteid>
  </powerpagesiteid>
  <powerpagesitelanguageid>
    <powerpagesitelanguageid>9a236845-63b6-45c5-9aac-54a0d3b65f8b</powerpagesitelanguageid>
  </powerpagesitelanguageid>
  <statecode>0</statecode>
  <statuscode>1</statuscode>
</powerpagecomponent>