<powerpagecomponent powerpagecomponentid="883c0cd9-26ed-42fd-8e32-520e3979af1f">
  <content>{
  "entityname": "Tickets – All Users",
  "entitylogicalname": "ce_ticket",
  "scope": 756150001,
  "append": true,
  "appendto": true,
  "delete": false,
  "read": true,
  "create": true,
  "write": true,
  "parentrelationship": null,
  "parententitypermission": null,
  "contactrelationship": "ce_Ticket_Submittedby_Contact",
  "accountrelationship": null,
  "childTablePermissions": [],
  "adx_entitypermission_webrole": [
    "2184dcc9-6a04-453a-8369-a62d574e15ae",
    "ca1e6dbb-5cda-48b7-81d0-e1d41fcc605f"
  ]
}</content>
  <iscustomizable>1</iscustomizable>
  <name>Tickets – All Users</name>
  <powerpagecomponenttype>18</powerpagecomponenttype>
  <powerpagesiteid>
    <powerpagesiteid>778e29ae-bf42-4030-bba3-59c6b17c91a4</powerpagesiteid>
  </powerpagesiteid>
  <statecode>0</statecode>
  <statuscode>1</statuscode>
</powerpagecomponent>