<powerpagecomponent powerpagecomponentid="cc2fc999-c2ba-48fc-b684-0fd9fec239e5">
  <content>{"description":"Denies use of the portal to minors. By default, it is set to false.","value":"false"}</content>
  <iscustomizable>1</iscustomizable>
  <name>Authentication/Registration/DenyMinors</name>
  <powerpagecomponenttype>9</powerpagecomponenttype>
  <powerpagesiteid>
    <powerpagesiteid>778e29ae-bf42-4030-bba3-59c6b17c91a4</powerpagesiteid>
  </powerpagesiteid>
  <statecode>0</statecode>
  <statuscode>1</statuscode>
</powerpagecomponent>