<powerpagecomponent powerpagecomponentid="68f447a7-ff86-4dae-8361-9afacb918d3e">
  <content>{"source":"&lt;div class=\"wrapper-body\"&gt;\r\n  &lt;div class=\"container\"&gt;\r\n    &lt;div class=\"page-heading\"&gt;\r\n      {% block breadcrumbs %}\r\n      {% include 'Breadcrumbs' %}\r\n      {% endblock %}\r\n      {% block title %}\r\n      {% include 'Page Header' %}\r\n      {% endblock %}\r\n    &lt;/div&gt;\r\n    &lt;div class=\"row\"&gt;\r\n      &lt;div class=\"col-md-4 col-xl-3 start-column\"&gt;\r\n        {% block aside %}{% endblock %}\r\n      &lt;/div&gt;\r\n      &lt;div class=\"col-md-8 col-xl-9 end-column\"&gt;\r\n        {% block main %}\r\n        {% include 'Page Copy' %}\r\n        {% endblock %}\r\n      &lt;/div&gt;\r\n    &lt;/div&gt;\r\n  &lt;/div&gt;\r\n  &lt;div class=\"push\"&gt;&lt;/div&gt;\r\n  &lt;/div&gt;"}</content>
  <iscustomizable>1</iscustomizable>
  <name>Layout 2 Column Wide Right</name>
  <powerpagecomponenttype>8</powerpagecomponenttype>
  <powerpagesiteid>
    <powerpagesiteid>778e29ae-bf42-4030-bba3-59c6b17c91a4</powerpagesiteid>
  </powerpagesiteid>
  <statecode>0</statecode>
  <statuscode>1</statuscode>
</powerpagecomponent>