<powerpagecomponent powerpagecomponentid="5741d1df-cabe-4148-a033-6abf79f29417">
  <content>{"display_name":"Search/Facet/Product","type":756150000,"value":"Products"}</content>
  <iscustomizable>1</iscustomizable>
  <name>Search/Facet/Product</name>
  <powerpagecomponenttype>7</powerpagecomponenttype>
  <powerpagesiteid>
    <powerpagesiteid>778e29ae-bf42-4030-bba3-59c6b17c91a4</powerpagesiteid>
  </powerpagesiteid>
  <powerpagesitelanguageid>
    <powerpagesitelanguageid>9a236845-63b6-45c5-9aac-54a0d3b65f8b</powerpagesitelanguageid>
  </powerpagesitelanguageid>
  <statecode>0</statecode>
  <statuscode>1</statuscode>
</powerpagecomponent>