<powerpagecomponent powerpagecomponentid="dca95d19-b905-4846-93ce-1ca62b49d32d">
  <content>{"enablerating":false,"enabletracking":false,"excludefromsearch":false,"feedbackpolicy":756150000,"hiddenfromsitemap":true,"isroot":false,"pagetemplateid":"36fb489f-a024-4620-b55e-574e52ca9ff4","parentpageid":"4e404b83-b68f-4368-b1ba-ef1014047d81","partialurl":"search","publishingstateid":"f2cf92a7-db3f-44ba-96c8-c3fec42cbc98","rootwebpageid":"5c8951c4-f7d9-4d01-b0c7-2a169e034d25","sharedpageconfiguration":false}</content>
  <iscustomizable>1</iscustomizable>
  <name>Search</name>
  <powerpagecomponenttype>2</powerpagecomponenttype>
  <powerpagesiteid>
    <powerpagesiteid>778e29ae-bf42-4030-bba3-59c6b17c91a4</powerpagesiteid>
  </powerpagesiteid>
  <powerpagesitelanguageid>
    <powerpagesitelanguageid>9a236845-63b6-45c5-9aac-54a0d3b65f8b</powerpagesitelanguageid>
  </powerpagesitelanguageid>
  <searchcontent>Search</searchcontent>
  <statecode>0</statecode>
  <statuscode>1</statuscode>
</powerpagecomponent>