<powerpagecomponent powerpagecomponentid="37596e4e-85b7-4a97-b5c7-b554ec791526">
  <content>{"display_name":"Social Share Widget Code Page Bottom","type":756150000}</content>
  <iscustomizable>1</iscustomizable>
  <name>Social Share Widget Code Page Bottom</name>
  <powerpagecomponenttype>7</powerpagecomponenttype>
  <powerpagesiteid>
    <powerpagesiteid>778e29ae-bf42-4030-bba3-59c6b17c91a4</powerpagesiteid>
  </powerpagesiteid>
  <powerpagesitelanguageid>
    <powerpagesitelanguageid>9a236845-63b6-45c5-9aac-54a0d3b65f8b</powerpagesitelanguageid>
  </powerpagesitelanguageid>
  <statecode>0</statecode>
  <statuscode>1</statuscode>
</powerpagecomponent>