<powerpagecomponent powerpagecomponentid="2609e057-cf3f-4afb-a91d-9bb692abe026">
  <content>{"description":"Determines if faceted search is used for this portal.","value":"True"}</content>
  <iscustomizable>1</iscustomizable>
  <name>Search/FacetedView</name>
  <powerpagecomponenttype>9</powerpagecomponenttype>
  <powerpagesiteid>
    <powerpagesiteid>778e29ae-bf42-4030-bba3-59c6b17c91a4</powerpagesiteid>
  </powerpagesiteid>
  <statecode>0</statecode>
  <statuscode>1</statuscode>
</powerpagecomponent>