<powerpagecomponent powerpagecomponentid="baba3517-a184-41b6-8cce-211b78cff6da">
  <content>{"display_name":"Login/ACS/Heading","type":756150000,"value":"Sign in to Starter Portal"}</content>
  <iscustomizable>1</iscustomizable>
  <name>Login/ACS/Heading</name>
  <powerpagecomponenttype>7</powerpagecomponenttype>
  <powerpagesiteid>
    <powerpagesiteid>778e29ae-bf42-4030-bba3-59c6b17c91a4</powerpagesiteid>
  </powerpagesiteid>
  <powerpagesitelanguageid>
    <powerpagesitelanguageid>9a236845-63b6-45c5-9aac-54a0d3b65f8b</powerpagesitelanguageid>
  </powerpagesitelanguageid>
  <statecode>0</statecode>
  <statuscode>1</statuscode>
</powerpagecomponent>