<powerpagecomponent powerpagecomponentid="f022dddc-d087-ef11-8a69-00224806b014">
  <content>{
  "entitysourcetype": 100000003,
  "tabname": "tab_3",
  "formname": "Portal - Web Form",
  "targetentitylogicalname": "ce_application",
  "geolocation_displaymap": false,
  "geolocation_enabled": false,
  "createautonumber": false,
  "loguser": false,
  "attachfilerestrictaccept": false,
  "attachfilerequired": false,
  "allowmultiplefiles": false,
  "attachfile": false,
  "redirecturlappendentityidquerystring": false,
  "appendquerystring": false,
  "referenceentityshowreadonlyform": false,
  "referencequerystringisprimarykey": true,
  "referenceentitysourcetype": 100000001,
  "populatereferenceentitylookupfield": false,
  "setentityreference": false,
  "hideformonsuccess": true,
  "showcaptchaforauthenticatedusers": false,
  "captcharequired": false,
  "validationsummarylinksenabled": true,
  "forceallfieldsrequired": false,
  "recommendedfieldsrequired": false,
  "showunsupportedfields": false,
  "showownerfields": false,
  "tooltipenabled": false,
  "renderwebresourcesinline": false,
  "portaluserlookupattributeisactivityparty": false,
  "associatecurrentportaluser": false,
  "autogeneratesteps": false,
  "mode": 100000001,
  "entitypermissionsenabled": true,
  "movepreviouspermitted": true,
  "type": 100000002,
  "multiplerecordsperuserpermitted": false,
  "webform": "a84a1764-dab0-45cc-b9d0-3bbd8aacba7d",
  "geolocation_maptype": 756150000,
  "editexistingrecordpermitted": false
}</content>
  <iscustomizable>1</iscustomizable>
  <name>03 – Employment Information</name>
  <powerpagecomponenttype>20</powerpagecomponenttype>
  <powerpagesiteid>
    <powerpagesiteid>778e29ae-bf42-4030-bba3-59c6b17c91a4</powerpagesiteid>
  </powerpagesiteid>
  <statecode>0</statecode>
  <statuscode>1</statuscode>
</powerpagecomponent>