<powerpagecomponent powerpagecomponentid="61e66ecf-2814-4c99-aeca-30660a996127">
  <content>{"disablepagevalidation":false,"displayimageonly":false,"displayorder":1,"displaypagechildlinks":false,"openinnewwindow":false,"pageid":"4e404b83-b68f-4368-b1ba-ef1014047d81","publishingstateid":"f2cf92a7-db3f-44ba-96c8-c3fec42cbc98","robotsfollowlink":true,"weblinksetid":"6e0db2a8-7447-4206-b9b4-a672851d9a9b"}</content>
  <iscustomizable>1</iscustomizable>
  <name>Home</name>
  <powerpagecomponenttype>5</powerpagecomponenttype>
  <powerpagesiteid>
    <powerpagesiteid>778e29ae-bf42-4030-bba3-59c6b17c91a4</powerpagesiteid>
  </powerpagesiteid>
  <statecode>0</statecode>
  <statuscode>1</statuscode>
</powerpagecomponent>