<powerpagecomponent powerpagecomponentid="cc8f1c06-3748-4ceb-b81f-5fb6d38c7934">
  <content>{
  "lcid": 1033,
  "entityname": "ce_ticket",
  "formname": "Portal - Create",
  "mode": 100000000,
  "onsuccess": "756150000",
  "successmessage": "[{\"LCID\":1033,\"Value\":\"\"}]",
  "hideformonsuccess": true,
  "redirectwebpage": null,
  "redirecturl": null,
  "captcharequired": true,
  "showcaptchaforauthenticatedusers": false,
  "entitypermissionsenabled": true,
  "attachfilelabel": "[{\"LCID\":1033,\"Value\":\"\"}]",
  "attachfilestoragelocation": 756150000,
  "attachfilemaxsize": null,
  "maximumnooffiles": 5,
  "containername": "",
  "storageaccountname": "",
  "entitysourcetype": null,
  "recordidquerystringparametername": null,
  "copy": "undefined"
}</content>
  <iscustomizable>1</iscustomizable>
  <name>New Ticket</name>
  <powerpagecomponenttype>15</powerpagecomponenttype>
  <powerpagesiteid>
    <powerpagesiteid>778e29ae-bf42-4030-bba3-59c6b17c91a4</powerpagesiteid>
  </powerpagesiteid>
  <statecode>0</statecode>
  <statuscode>1</statuscode>
</powerpagecomponent>