<powerpagecomponent powerpagecomponentid="db7c740d-5e9a-84a5-08cc-a9ddad313b27">
  <content>{
  "displayorder": 7,
  "pagetemplateid": "1f20eb13-2e8d-4799-a56c-d865ababe89b",
  "parentpageid": "4e404b83-b68f-4368-b1ba-ef1014047d81",
  "partialurl": "Apply-Now",
  "isroot": true,
  "title": "Apply Now",
  "summary": "&lt;p&gt;This is a sample landing page designed to be a starting point for your website&lt;/p&gt;",
  "publishingstateid": "f2cf92a7-db3f-44ba-96c8-c3fec42cbc98",
  "enablerating": false,
  "enabletracking": false,
  "excludefromsearch": false,
  "hiddenfromsitemap": true,
  "sharedpageconfiguration": false,
  "feedbackpolicy": 756150000,
  "webform": "a84a1764-dab0-45cc-b9d0-3bbd8aacba7d"
}</content>
  <iscustomizable>1</iscustomizable>
  <name>Apply Now</name>
  <powerpagecomponenttype>2</powerpagecomponenttype>
  <powerpagesiteid>
    <powerpagesiteid>778e29ae-bf42-4030-bba3-59c6b17c91a4</powerpagesiteid>
  </powerpagesiteid>
  <searchcontent>Apply NowApply Now</searchcontent>
  <statecode>0</statecode>
  <statuscode>1</statuscode>
</powerpagecomponent>