<powerpagecomponent powerpagecomponentid="8ef688bd-baf2-48e5-84c8-edf8b13fd1a2">
  <content>{"display_name":"Mobile Header","type":756150001,"value":"&lt;a href='~/'&gt;\r\n  {% if snippets['Logo URL'] %}&lt;img src='{{ snippets['Logo URL'] }}' alt='{{ snippets['Logo alt text'] }}' style='width: auto; height: 32px; margin: 0 10px;'&gt;{% endif %}\r\n  {% if snippets['Site name'] %}\r\n    &lt;h1 class='siteTitle custom-sitetitle'&gt;{{ snippets['Site name'] }}&lt;/h1&gt;\r\n  {% endif %}\r\n&lt;/a&gt;\r\n"}</content>
  <iscustomizable>1</iscustomizable>
  <name>Mobile Header</name>
  <powerpagecomponenttype>7</powerpagecomponenttype>
  <powerpagesiteid>
    <powerpagesiteid>778e29ae-bf42-4030-bba3-59c6b17c91a4</powerpagesiteid>
  </powerpagesiteid>
  <powerpagesitelanguageid>
    <powerpagesitelanguageid>9a236845-63b6-45c5-9aac-54a0d3b65f8b</powerpagesitelanguageid>
  </powerpagesitelanguageid>
  <statecode>0</statecode>
  <statuscode>1</statuscode>
</powerpagecomponent>