<powerpagecomponent powerpagecomponentid="d34d1ae7-7360-4ab3-884d-b5b4a4653d5d">
  <content>{"disablepagevalidation":false,"displayimageonly":false,"displayorder":2,"displaypagechildlinks":false,"openinnewwindow":false,"pageid":"8dcbebb1-5cdb-4ceb-b4d5-b50f13f4776d","parentweblinkid":"de5eff8b-5ac9-43ee-b0d0-0438c44555c4","publishingstateid":"f2cf92a7-db3f-44ba-96c8-c3fec42cbc98","robotsfollowlink":true,"weblinksetid":"6e0db2a8-7447-4206-b9b4-a672851d9a9b"}</content>
  <iscustomizable>1</iscustomizable>
  <name>Subpage 2</name>
  <powerpagecomponenttype>5</powerpagecomponenttype>
  <powerpagesiteid>
    <powerpagesiteid>778e29ae-bf42-4030-bba3-59c6b17c91a4</powerpagesiteid>
  </powerpagesiteid>
  <statecode>0</statecode>
  <statuscode>1</statuscode>
</powerpagecomponent>