<powerpagecomponent powerpagecomponentid="1e598668-8828-43ed-94b8-98a8a93889b9">
  <content>{"entityname":"adx_webpage","isdefault":false,"rewriteurl":"~/Pages/FullPage.aspx","type":756150000,"usewebsiteheaderandfooter":true}</content>
  <iscustomizable>1</iscustomizable>
  <name>Full Page</name>
  <powerpagecomponenttype>6</powerpagecomponenttype>
  <powerpagesiteid>
    <powerpagesiteid>778e29ae-bf42-4030-bba3-59c6b17c91a4</powerpagesiteid>
  </powerpagesiteid>
  <statecode>0</statecode>
  <statuscode>1</statuscode>
</powerpagecomponent>