<powerpagecomponent powerpagecomponentid="8680eb2a-2e49-42e2-ad55-d0dd404e4789">
  <content>{"disablepagevalidation":false,"displayimageonly":false,"displayorder":1,"displaypagechildlinks":false,"openinnewwindow":false,"pageid":"785c3915-bb04-46ef-93f2-bcfbb2066925","parentweblinkid":"be2b44a7-ad4f-4aa9-905d-ded692b18d82","publishingstateid":"f2cf92a7-db3f-44ba-96c8-c3fec42cbc98","robotsfollowlink":true,"weblinksetid":"c2d1141d-3f7f-43a6-b39a-da1ef1d94d1a"}</content>
  <iscustomizable>1</iscustomizable>
  <name>Subpage 1</name>
  <powerpagecomponenttype>5</powerpagecomponenttype>
  <powerpagesiteid>
    <powerpagesiteid>778e29ae-bf42-4030-bba3-59c6b17c91a4</powerpagesiteid>
  </powerpagesiteid>
  <statecode>0</statecode>
  <statuscode>1</statuscode>
</powerpagecomponent>