<powerpagecomponent powerpagecomponentid="bd0e22fc-9e48-4af5-87e0-bbca6883c946">
  <content>{"display_name":"Search/No Results","type":756150000,"value":"No results found."}</content>
  <iscustomizable>1</iscustomizable>
  <name>Search/NoResults</name>
  <powerpagecomponenttype>7</powerpagecomponenttype>
  <powerpagesiteid>
    <powerpagesiteid>778e29ae-bf42-4030-bba3-59c6b17c91a4</powerpagesiteid>
  </powerpagesiteid>
  <powerpagesitelanguageid>
    <powerpagesitelanguageid>9a236845-63b6-45c5-9aac-54a0d3b65f8b</powerpagesitelanguageid>
  </powerpagesitelanguageid>
  <statecode>0</statecode>
  <statuscode>1</statuscode>
</powerpagecomponent>