<powerpagecomponent powerpagecomponentid="08c0ba5e-9fce-4763-b4ac-571c6df68d1b">
  <content>{"contentdisposition":756150000,"enabletracking":false,"excludefromsearch":false,"hiddenfromsitemap":false,"parentpageid":"4e404b83-b68f-4368-b1ba-ef1014047d81","partialurl":"Graph-1.png","publishingstateid":"f2cf92a7-db3f-44ba-96c8-c3fec42cbc98"}</content>
  <filecontent mimetype="application/octet-stream">Graph-1.png</filecontent>
  <iscustomizable>1</iscustomizable>
  <name>Graph-1.png</name>
  <powerpagecomponenttype>3</powerpagecomponenttype>
  <powerpagesiteid>
    <powerpagesiteid>778e29ae-bf42-4030-bba3-59c6b17c91a4</powerpagesiteid>
  </powerpagesiteid>
  <statecode>0</statecode>
  <statuscode>1</statuscode>
</powerpagecomponent>