<powerpagecomponent powerpagecomponentid="847b161f-7b7f-4716-82f9-f2b2be2eff31">
  <content>{"copy":"&lt;div class=\"row sectionBlockLayout\" style=\"display: flex; flex-wrap: wrap; text-align: left; min-height: 150px; padding: 8px; margin: 0px;\"&gt;\r\n    &lt;div class=\"container\" style=\"display: flex; flex-wrap: wrap;\"&gt;\r\n        &lt;div class=\"col-lg-12 columnBlockLayout\" style=\"flex-grow: 1; min-width: 300px; display: flex; flex-direction: column; margin: 50px 0px;\"&gt;\r\n            &lt;h1 style=\"font-size: 28px; margin: 0px auto 7px; font-family: 'Segoe UI'; line-height: 37px; color: rgb(0, 0, 0); outline: rgb(255, 255, 255) solid 1.5px; text-align: center;\"&gt;\r\n                You’re not connected to the internet\r\n            &lt;/h1&gt;\r\n            &lt;p style=\"text-align: center;\"&gt;\r\n                &lt;span style=\"font-family: 'Segoe UI'; font-size: 14px; text-align: center; position: relative;\"&gt;\r\n                    Check your connection settings to browse this site\r\n                &lt;/span&gt;\r\n            &lt;/p&gt;\r\n        &lt;/div&gt;\r\n    &lt;/div&gt;\r\n&lt;/div&gt;\r\n&lt;div class=\"row sectionBlockLayout text-start\" style=\"display: flex; flex-wrap: wrap; margin: 0px; min-height: auto; padding: 8px;\"&gt;\r\n    &lt;div class=\"container\" style=\"padding: 0px; display: flex; flex-wrap: wrap; column-gap: 0px;\"&gt;\r\n        &lt;div class=\"col-lg-4 columnBlockLayout\" style=\"flex-grow: 1; display: flex; flex-direction: column; min-width: 300px; margin: 0px; width: calc(33.3333% - 0px);\"&gt;&lt;/div&gt;\r\n        &lt;div class=\"col-lg-4 columnBlockLayout\" style=\"flex-grow: 1; display: flex; flex-direction: column; min-width: 300px; margin: 0px; width: calc(33.3333% - 0px);\"&gt;&lt;img src=\"/OfflinePage.png\" alt=\"\" name=\"OfflinePage.png\" style=\"width: 100%; height: auto; max-width: 100%;\"&gt;&lt;/div&gt;\r\n        &lt;div class=\"col-lg-4 columnBlockLayout\" style=\"flex-grow: 1; display: flex; flex-direction: column; min-width: 300px; margin: 0px; width: calc(33.3333% - 0px);\"&gt;&lt;/div&gt;\r\n    &lt;/div&gt;\r\n&lt;/div&gt;","enablerating":false,"enabletracking":false,"excludefromsearch":false,"feedbackpolicy":756150000,"hiddenfromsitemap":false,"isroot":false,"pagetemplateid":"1f20eb13-2e8d-4799-a56c-d865ababe89b","parentpageid":"4e404b83-b68f-4368-b1ba-ef1014047d81","partialurl":"default-offline-page","publishingstateid":"f2cf92a7-db3f-44ba-96c8-c3fec42cbc98","rootwebpageid":"eefd2cf2-5c85-4b5d-ae55-2254d7977c71","sharedpageconfiguration":true,"summary":"&lt;p&gt;Offline error page&lt;/p&gt;","title":"Default Offline Page"}</content>
  <iscustomizable>1</iscustomizable>
  <name>Default Offline Page</name>
  <powerpagecomponenttype>2</powerpagecomponenttype>
  <powerpagesiteid>
    <powerpagesiteid>778e29ae-bf42-4030-bba3-59c6b17c91a4</powerpagesiteid>
  </powerpagesiteid>
  <powerpagesitelanguageid>
    <powerpagesitelanguageid>9a236845-63b6-45c5-9aac-54a0d3b65f8b</powerpagesitelanguageid>
  </powerpagesitelanguageid>
  <searchcontent>Default Offline Page&lt;div class="row sectionBlockLayout" style="display: flex; flex-wrap: wrap; text-align: left; min-height: 150px; padding: 8px; margin: 0px;"&gt;
    &lt;div class="container" style="display: flex; flex-wrap: wrap;"&gt;
        &lt;div class="col-lg-12 columnBlockLayout" style="flex-grow: 1; min-width: 300px; display: flex; flex-direction: column; margin: 50px 0px;"&gt;
            &lt;h1 style="font-size: 28px; margin: 0px auto 7px; font-family: 'Segoe UI'; line-height: 37px; color: rgb(0, 0, 0); outline: rgb(255, 255, 255) solid 1.5px; text-align: center;"&gt;
                You’re not connected to the internet
            &lt;/h1&gt;
            &lt;p style="text-align: center;"&gt;
                &lt;span style="font-family: 'Segoe UI'; font-size: 14px; text-align: center; position: relative;"&gt;
                    Check your connection settings to browse this site
                &lt;/span&gt;
            &lt;/p&gt;
        &lt;/div&gt;
    &lt;/div&gt;
&lt;/div&gt;
&lt;div class="row sectionBlockLayout text-start" style="display: flex; flex-wrap: wrap; margin: 0px; min-height: auto; padding: 8px;"&gt;
    &lt;div class="container" style="padding: 0px; display: flex; flex-wrap: wrap; column-gap: 0px;"&gt;
        &lt;div class="col-lg-4 columnBlockLayout" style="flex-grow: 1; display: flex; flex-direction: column; min-width: 300px; margin: 0px; width: calc(33.3333% - 0px);"&gt;&lt;/div&gt;
        &lt;div class="col-lg-4 columnBlockLayout" style="flex-grow: 1; display: flex; flex-direction: column; min-width: 300px; margin: 0px; width: calc(33.3333% - 0px);"&gt;&lt;img src="/OfflinePage.png" alt="" name="OfflinePage.png" style="width: 100%; height: auto; max-width: 100%;"&gt;&lt;/div&gt;
        &lt;div class="col-lg-4 columnBlockLayout" style="flex-grow: 1; display: flex; flex-direction: column; min-width: 300px; margin: 0px; width: calc(33.3333% - 0px);"&gt;&lt;/div&gt;
    &lt;/div&gt;
&lt;/div&gt;Default Offline Page</searchcontent>
  <statecode>0</statecode>
  <statuscode>1</statuscode>
</powerpagecomponent>