<powerpagecomponent powerpagecomponentid="785c3915-bb04-46ef-93f2-bcfbb2066925">
  <content>{"displayorder":1,"enablerating":false,"enabletracking":false,"excludefromsearch":false,"feedbackpolicy":756150000,"hiddenfromsitemap":false,"isroot":true,"pagetemplateid":"1f20eb13-2e8d-4799-a56c-d865ababe89b","parentpageid":"c71f0b3a-09b9-4b71-b43a-2ce6511ea2f6","partialurl":"subpage-1","publishingstateid":"f2cf92a7-db3f-44ba-96c8-c3fec42cbc98","sharedpageconfiguration":false,"title":"Subpage 1"}</content>
  <iscustomizable>1</iscustomizable>
  <name>Subpage 1</name>
  <powerpagecomponenttype>2</powerpagecomponenttype>
  <powerpagesiteid>
    <powerpagesiteid>778e29ae-bf42-4030-bba3-59c6b17c91a4</powerpagesiteid>
  </powerpagesiteid>
  <searchcontent>Subpage 1Subpage 1</searchcontent>
  <statecode>0</statecode>
  <statuscode>1</statuscode>
</powerpagecomponent>