<powerpagecomponent powerpagecomponentid="1d8a05b1-addb-dec3-b123-a5ce358377dd">
  <content>{
  "displayorder": 5,
  "customcss": "",
  "customjavascript": "",
  "pagetemplateid": "1f20eb13-2e8d-4799-a56c-d865ababe89b",
  "parentpageid": "4e404b83-b68f-4368-b1ba-ef1014047d81",
  "partialurl": "Submit-New-Ticket",
  "isroot": true,
  "title": "Submit New Ticket",
  "summary": "&lt;p&gt;This is a sample landing page designed to be a starting point for your website&lt;/p&gt;",
  "copy": "",
  "publishingstateid": "f2cf92a7-db3f-44ba-96c8-c3fec42cbc98",
  "enablerating": false,
  "enabletracking": false,
  "excludefromsearch": false,
  "hiddenfromsitemap": true,
  "sharedpageconfiguration": false
}</content>
  <iscustomizable>1</iscustomizable>
  <name>Submit New Ticket</name>
  <powerpagecomponenttype>2</powerpagecomponenttype>
  <powerpagesiteid>
    <powerpagesiteid>778e29ae-bf42-4030-bba3-59c6b17c91a4</powerpagesiteid>
  </powerpagesiteid>
  <searchcontent>Submit New TicketSubmit New Ticket</searchcontent>
  <statecode>0</statecode>
  <statuscode>1</statuscode>
</powerpagecomponent>