<powerpagecomponent powerpagecomponentid="84135e50-2586-ef11-ac20-6045bd08e819">
  <content>{"botschemaname":"crd53_30828665-a0c7-4999-a45a-1c99c63b0ff5","configjson":"{\"skillConfigViewName\":\"Anytown 311 (Portal) bot Answers\"}"}</content>
  <iscustomizable>1</iscustomizable>
  <name>Bot Consumer</name>
  <powerpagecomponenttype>27</powerpagecomponenttype>
  <powerpagesiteid>
    <powerpagesiteid>778e29ae-bf42-4030-bba3-59c6b17c91a4</powerpagesiteid>
  </powerpagesiteid>
  <statecode>0</statecode>
  <statuscode>1</statuscode>
</powerpagecomponent>